Support Query,Top Category,Sub Category
Can you explain the monthly maintenance fee on my account?,Fees and Charges,Understanding Fees
"I was charged a fee for an ATM withdrawal, why?",Fees and Charges,Understanding Fees
How do I dispute a transaction fee I believe is incorrect?,Fees and Charges,Dispute Charges
Are there any fees for using online banking?,Fees and Charges,Understanding Fees
What are the charges for a wire transfer?,Fees and Charges,Understanding Fees
How can I request a fee reduction for my account?,Fees and Charges,Fee Waivers
What are the overdraft fees for my checking account?,Fees and Charges,Understanding Fees
Is there a charge for closing an account?,Fees and Charges,Understanding Fees
How are foreign transaction fees calculated?,Fees and Charges,Understanding Fees
Can I get a waiver for the late payment fee?,Fees and Charges,Fee Waivers
What are the current interest rates for home loans?,Loans and Mortgages,Loan Application
Can I apply for a mortgage loan online?,Loans and Mortgages,Loan Application
What documentation is required for refinancing my mortgage?,Loans and Mortgages,Mortgage Services
How long does the loan approval process usually take?,Loans and Mortgages,Loan Application
Are there any prepayment penalties on your home loans?,Loans and Mortgages,Loan Repayment
What types of home loans do you offer for first-time buyers?,Loans and Mortgages,Loan Application
How can I calculate my monthly mortgage payments?,Loans and Mortgages,Mortgage Services
Is there an option for loan payment deferment in case of financial hardship?,Loans and Mortgages,Loan Repayment
What are the eligibility criteria for a commercial property loan?,Loans and Mortgages,Loan Application
Can I switch from a variable rate to a fixed rate on my existing mortgage?,Loans and Mortgages,Mortgage Services
Where can I provide feedback about your services?,Customer Service,Feedback and Suggestions
How do I file a complaint about a recent issue?,Customer Service,Complaint Handling
I need assistance with a special request for my account.,Customer Service,Special Requests
How can I suggest improvements for your mobile app?,Customer Service,Feedback and Suggestions
What is the process for escalating a service issue?,Customer Service,Complaint Handling
Can you accommodate a request for a language interpreter?,Customer Service,Special Requests
How do I give feedback on a recent interaction with a bank representative?,Customer Service,Feedback and Suggestions
What's the procedure to resolve a dispute with a transaction?,Customer Service,Complaint Handling
Is it possible to request an exception to a banking fee?,Customer Service,Special Requests
How do I get help with accessibility in your branches?,Customer Service,Special Requests
How do I initiate an international wire transfer?,Payments and Transfers,Wire Transfers
What are the fees for domestic wire transfers?,Payments and Transfers,Wire Transfers
How do I set up autopay for my bills?,Payments and Transfers,Bill Payments
"I'm having trouble with e-bill setup, can you assist?",Payments and Transfers,Bill Payments
"My wire transfer hasn't arrived, what should I do?",Payments and Transfers,Wire Transfers
"There is a mistake in my bill payment, how do I correct it?",Payments and Transfers,Bill Payments
How do I dispute a late payment fee on my account?,Payments and Transfers,Payment Disputes
Can I cancel a pending transfer?,Payments and Transfers,Wire Transfers
What to do if a payment I made hasn't been processed yet?,Payments and Transfers,Payment Disputes
How do I change the beneficiary details for my transfer?,Payments and Transfers,Wire Transfers
How do I open a new savings account?,Account Management,Account Opening
What documents do I need to provide for a joint account?,Account Management,Account Opening
Can I check my account balance online?,Account Management,Account Information
I need a copy of my account statement for the last six months.,Account Management,Account Information
How do I update my new phone number in bank records?,Account Management,Account Maintenance
I want to add a nominee to my account. What's the process?,Account Management,Account Maintenance
How can I close my current account?,Account Management,Account Maintenance
What types of accounts can I open as a student?,Account Management,Account Opening
I want to update my email address linked to my account.,Account Management,Account Maintenance
How to get a mini statement for my checking account?,Account Management,Account Information
I want to know the status of my recent wire transfer.,Transaction Services,Transaction Inquiry
My transaction failed but the amount was deducted. What should I do?,Transaction Services,Failed Transactions
I noticed an unauthorized transaction on my account.,Transaction Services,Transaction Disputes
How can I get a history of all my transactions for the past year?,Transaction Services,Transaction Inquiry
The ATM didn't dispense cash but my account was charged.,Transaction Services,Failed Transactions
There's a charge on my statement I don’t recognize.,Transaction Services,Transaction Disputes
Can I get a refund for the double charge on my account?,Transaction Services,Failed Transactions
How do I report a fraudulent transaction?,Transaction Services,Transaction Disputes
What does this transaction code on my statement mean?,Transaction Services,Transaction Inquiry
I need help with a transaction that didn’t go through.,Transaction Services,Failed Transactions
I want to apply for a new credit card.,Card Services,Card Issuance
How do I renew my expired debit card?,Card Services,Card Issuance
"I lost my card, how do I report it and get a new one?",Card Services,Lost/Stolen Cards
What are the steps to activate my new card?,Card Services,Card Activation/Deactivation
How can I change the PIN of my card?,Card Services,Card Activation/Deactivation
I think my card was stolen. What should I do?,Card Services,Lost/Stolen Cards
Can I deactivate my credit card temporarily?,Card Services,Card Activation/Deactivation
How long does it take to get a replacement for a damaged card?,Card Services,Lost/Stolen Cards
I received my new card but it’s not working.,Card Services,Card Issuance
How to block my credit card immediately?,Card Services,Lost/Stolen Cards
I can’t log into my mobile banking app.,Online and Mobile Banking,Technical Support
How do I download and install the bank's mobile app?,Online and Mobile Banking,Technical Support
I'm getting an error message when trying to transfer money through the app.,Online and Mobile Banking,Technical Support
Can I view my e-statements on the mobile app?,Online and Mobile Banking,Digital Banking Features
How to use the mobile check deposit feature?,Online and Mobile Banking,Digital Banking Features
I forgot my online banking password. How do I reset it?,Online and Mobile Banking,Security and Access
How do I set up two-factor authentication for my account?,Online and Mobile Banking,Security and Access
Is there a way to pay bills automatically through online banking?,Online and Mobile Banking,Digital Banking Features
I suspect someone else has accessed my online banking. What should I do?,Online and Mobile Banking,Security and Access
How to update my personal information in online banking?,Online and Mobile Banking,Technical Support
"I suspect a fraudulent transaction on my account, what should I do?",Fraud and Security,Reporting Fraud
How do I report a lost or stolen credit card?,Fraud and Security,Reporting Fraud
What are the bank's security measures against fraud?,Fraud and Security,Security Measures
How can I set up fraud alerts on my account?,Fraud and Security,Security Measures
What steps should I take if I'm a victim of identity theft?,Fraud and Security,Identity Theft
How do I secure my online banking?,Fraud and Security,Security Measures
What should I do if I receive a suspicious email claiming to be from the bank?,Fraud and Security,Reporting Fraud
Are there any security advisories for customers?,Fraud and Security,Security Measures
How do I block my account if I suspect fraud?,Fraud and Security,Reporting Fraud
Can I get assistance in restoring my account after identity theft?,Fraud and Security,Identity Theft
What types of savings accounts do you offer?,Savings and Investments,Account Types
How do I open a fixed deposit account?,Savings and Investments,Account Types
What are the interest rates for retirement accounts?,Savings and Investments,Rates and Terms
What is the penalty for early withdrawal from a fixed deposit?,Savings and Investments,Rates and Terms
Can you provide information on different investment options?,Savings and Investments,Portfolio Management
How do I manage my investment portfolio?,Savings and Investments,Portfolio Management
What are the terms for a long-term deposit?,Savings and Investments,Rates and Terms
Is there a minimum balance requirement for a savings account?,Savings and Investments,Account Types
What are the benefits of a high-yield savings account?,Savings and Investments,Account Types
How can I change my investment plan?,Savings and Investments,Portfolio Management
